<?xml version="1.0" encoding="utf-8"?><feed xmlns="http://www.w3.org/2005/Atom" ><generator uri="https://jekyllrb.com/" version="4.3.4">Jekyll</generator><link href="http://localhost:4000/feed.xml" rel="self" type="application/atom+xml" /><link href="http://localhost:4000/" rel="alternate" type="text/html" /><updated>2024-11-05T14:28:17-07:00</updated><id>http://localhost:4000/feed.xml</id><title type="html">Login Test</title><subtitle>Pagina web de login</subtitle><entry><title type="html">Diseño Orientado a Objetos</title><link href="http://localhost:4000/aprendizaje/jekyll/github/diseno-objetos/2024/09/27/welcome-to-jekyll.html" rel="alternate" type="text/html" title="Diseño Orientado a Objetos" /><published>2024-09-27T17:52:06-07:00</published><updated>2024-09-27T17:52:06-07:00</updated><id>http://localhost:4000/aprendizaje/jekyll/github/diseno-objetos/2024/09/27/welcome-to-jekyll</id><content type="html" xml:base="http://localhost:4000/aprendizaje/jekyll/github/diseno-objetos/2024/09/27/welcome-to-jekyll.html"><![CDATA[<p>Esta seccion es sobre el aprendizaje orientado a objetos.</p>

<p>Este proyecto es una tarea diseñada para explorar los fundamentos del desarrollo web, trabajando con herramientas como <strong>GitHub</strong>, <strong>Jekyll</strong>, y los principios de <strong>diseño orientado a objetos</strong>.</p>

<h3 id="qué-aprenderemos">¿Qué aprenderemos?</h3>

<ul>
  <li><strong>GitHub</strong>: Cómo versionar, gestionar y colaborar en proyectos de código.</li>
  <li><strong>Jekyll</strong>: La creación y configuración de un sitio web estático desde cero.</li>
  <li><strong>Diseño Web</strong>: Aplicaremos principios básicos de diseño y accesibilidad para hacer que nuestras páginas se vean y funcionen bien.</li>
  <li><strong>Programación Orientada a Objetos</strong>: Aunque este es un entorno de desarrollo estático, entenderemos cómo aplicar conceptos de modularidad y reutilización en nuestro código.</li>
</ul>

<p>El objetivo final es no solo construir una página funcional, sino también conocer las herramientas que utilizamos para poder aplicarlas en proyectos futuros. Todo esto enmarcado en un enfoque metodológico, práctico y divertido.</p>]]></content><author><name></name></author><category term="aprendizaje" /><category term="jekyll" /><category term="github" /><category term="diseno-objetos" /><summary type="html"><![CDATA[Esta seccion es sobre el aprendizaje orientado a objetos.]]></summary></entry></feed>